time,error,integral,derivative,output,setpoint,measured_value,angle_x,angle_y,control_signal,speed
0.003,-0.3237878,-0.003237878,-6.475756,-33.02761,0.0,0.3237878,1.795743,0.3237878,-33.02761,4374
0.021,-0.9236198,-0.01247408,-17.17725,-80,0.0,0.9236198,3.545361,0.9236198,-80,3604
0.039,-1.223181,-0.02470588,-19.73301,-80,0.0,1.223181,5.481482,1.223181,-80,3604
0.058,-1.557054,-0.04027642,-22.46387,-80,0.0,1.557054,7.070866,1.557054,-80,3604
0.077,-1.981271,-0.06008912,-26.45544,-80,0.0,1.981271,8.627747,1.981271,-80,3604
0.139,-2.165672,-0.08174583,-24.85237,-80,0.0,2.165672,10.09331,2.165672,-80,3604
0.201,-2.529854,-0.1070444,-27.16553,-80,0.0,2.529854,11.54717,2.529854,-80,3604
0.256,-2.504064,-0.132085,-21.21664,-80,0.0,2.504064,13.33971,2.504064,-80,3604
0.317,-2.678086,-0.1588659,-20.45374,-80,0.0,2.678086,14.88811,2.678086,-80,3604
0.434,-2.860096,-0.1874668,-20.0032,-80,0.0,2.860096,16.48004,2.860096,-80,3604
0.494,-3.196796,-0.2194348,-22.73656,-80,0.0,3.196796,18.19791,3.196796,-80,3604
0.552,-3.577774,-0.2552125,-25.80881,-80,0.0,3.577774,19.548,3.577774,-80,3604
0.609,-3.567757,-0.2908901,-20.4467,-80,0.0,3.567757,20.63834,3.567757,-80,3604
0.668,-3.750618,-0.3283963,-20.01459,-80,0.0,3.750618,21.85027,3.750618,-80,3604
0.728,-4.097199,-0.3693683,-22.94329,-80,0.0,4.097199,23.12196,4.097199,-80,3604
0.796,-4.263386,-0.4120021,-21.67837,-80,0.0,4.263386,24.61105,4.263386,-80,3604
0.858,-4.426942,-0.4562716,-20.61383,-80,0.0,4.426942,25.89598,4.426942,-80,3604
0.918,-4.631265,-0.5025842,-20.57752,-80,0.0,4.631265,27.34691,4.631265,-80,3604
0.974,-4.741956,-0.5500038,-18.67583,-80,0.0,4.741956,28.19596,4.741956,-80,3604
1.035,-4.681355,-0.5968173,-13.72864,-80,0.0,4.681355,28.99385,4.681355,-80,3604
1.101,-4.818243,-0.6449997,-13.72068,-80,0.0,4.818243,30.35846,4.818243,-80,3604
1.162,-5.286129,-0.697861,-20.33427,-80,0.0,5.286129,31.64018,5.286129,-80,3604
1.23,-5.219091,-0.7500519,-14.92666,-80,0.0,5.219091,32.62764,5.219091,-80,3604
1.297,-5.603933,-0.8060912,-19.63816,-80,0.0,5.603933,33.34594,5.603933,-80,3604
1.422,-5.806552,-0.8641568,-19.76291,-80,0.0,5.806552,34.47182,5.806552,-80,3604
1.487,-5.887393,-0.9230308,-17.42715,-80,0.0,5.887393,35.54037,5.887393,-80,3604
1.546,-5.891953,-0.9819503,-14.03292,-80,0.0,5.891953,36.65792,5.891953,-80,3604
1.61,-5.959028,-1.041541,-12.56784,-80,0.0,5.959028,37.72954,5.959028,-80,3604
1.671,-6.023692,-1.101778,-11.34754,-80,0.0,6.023692,38.85843,6.023692,-80,3604
1.736,-6.076288,-1.16254,-10.12996,-80,0.0,6.076288,39.79831,6.076288,-80,3604
1.802,-6.389096,-1.226431,-14.36012,-80,0.0,6.389096,40.77457,6.389096,-80,3604
1.864,-6.601617,-1.292448,-15.73853,-80,0.0,6.601617,41.72573,6.601617,-80,3604
1.926,-6.837255,-1.36082,-17.30358,-80,0.0,6.837255,42.68446,6.837255,-80,3604
1.989,-6.768538,-1.428505,-12.46852,-80,0.0,6.768538,43.64726,6.768538,-80,3604
2.054,-6.921759,-1.497723,-13.03924,-80,0.0,6.921759,44.7413,6.921759,-80,3604
2.119,-7.332268,-1.571046,-18.64157,-80,0.0,7.332268,45.76957,7.332268,-80,3604
2.187,-7.461494,-1.645661,-17.49779,-80,0.0,7.461494,47.15775,7.461494,-80,3604
2.253,-7.496378,-1.720624,-14.6959,-80,0.0,7.496378,48.1236,7.496378,-80,3604
2.331,-7.921862,-1.799843,-20.2664,-80,0.0,7.921862,48.8501,7.921862,-80,3604
2.458,-7.956083,-1.879404,-16.89754,-80,0.0,7.956083,49.52146,7.956083,-80,3604
2.537,-8.193187,-1.961336,-18.26011,-80,0.0,8.193187,50.27635,8.193187,-80,3604
2.61,-8.407043,-2.045406,-18.88522,-80,0.0,8.407043,51.17564,8.407043,-80,3604
2.677,-8.559065,-2.130997,-18.14861,-80,0.0,8.559065,51.84343,8.559065,-80,3604
2.746,-8.639898,-2.217396,-16.13556,-80,0.0,8.639898,53.07689,8.639898,-80,3604
2.819,-8.559595,-2.302992,-11.30238,-80,0.0,8.559595,53.69968,8.559595,-80,3604
2.89,-8.734223,-2.390334,-12.53447,-80,0.0,8.734223,54.45436,8.734223,-80,3604
2.958,-8.463242,-2.474966,-4.60794,-80,0.0,8.463242,55.35097,8.463242,-80,3604
3.033,-8.402965,-2.558996,-2.480812,-80,0.0,8.402965,56.22876,8.402965,-80,3604
3.102,-8.538596,-2.644382,-4.697281,-80,0.0,8.538596,56.82079,8.538596,-80,3604
3.173,-8.703183,-2.731414,-7.049565,-80,0.0,8.703183,57.44619,8.703183,-80,3604
3.282,-8.893993,-2.820354,-9.455856,-80,0.0,8.893993,57.46218,8.893993,-80,3604
3.335,-9.175128,-2.912105,-13.18738,-80,0.0,9.175128,58.44299,9.175128,-80,3604
3.387,-9.028911,-3.002394,-7.625556,-80,0.0,9.028911,59.03303,9.028911,-80,3604
3.438,-9.266659,-3.095061,-10.85541,-80,0.0,9.266659,59.81246,9.266659,-80,3604
3.563,-9.402295,-3.189084,-11.39705,-80,0.0,9.402295,60.44553,9.402295,-80,3604
3.614,-9.725868,-3.286342,-15.5891,-80,0.0,9.725868,60.76585,9.725868,-80,3604
3.67,-9.792371,-3.384266,-13.80134,-80,0.0,9.792371,61.56833,9.792371,-80,3604
3.728,-9.817513,-3.482441,-11.5439,-80,0.0,9.817513,62.13606,9.817513,-80,3604
3.783,-9.903752,-3.581479,-10.95992,-80,0.0,9.903752,62.58685,9.903752,-80,3604
3.838,-10.02079,-3.681686,-11.10869,-80,0.0,10.02079,62.90574,10.02079,-80,3604
3.893,-10.33457,-3.785032,-15.16261,-80,0.0,10.33457,63.32845,10.33457,-80,3604
3.95,-10.24365,-3.887469,-10.31154,-80,0.0,10.24365,64.21404,10.24365,-80,3604
4.009,-10.27626,-3.990231,-8.901433,-80,0.0,10.27626,64.67731,10.27626,-80,3604
4.067,-10.44468,-4.094678,-10.48958,-80,0.0,10.44468,65.15186,10.44468,-80,3604
4.125,-10.49591,-4.199637,-9.416293,-80,0.0,10.49591,65.5945,10.49591,-80,3604
4.184,-10.46171,-4.304254,-6.849117,-80,0.0,10.46171,66.13665,10.46171,-80,3604
4.244,-10.55093,-4.409763,-7.263542,-80,0.0,10.55093,66.54187,10.55093,-80,3604
4.303,-10.73783,-4.517142,-9.548855,-80,0.0,10.73783,67.14717,10.73783,-80,3604
4.37,-10.71431,-4.624285,-7.168789,-80,0.0,10.71431,67.62422,10.71431,-80,3604
4.488,-10.80754,-4.73236,-7.59956,-80,0.0,10.80754,67.90031,10.80754,-80,3604
4.546,-10.80738,-4.840434,-6.076425,-80,0.0,10.80738,68.46581,10.80738,-80,3604
4.603,-11.06333,-4.951067,-9.98012,-80,0.0,11.06333,68.91498,11.06333,-80,3604
4.671,-11.11137,-5.062181,-8.945019,-80,0.0,11.11137,69.34602,11.11137,-80,3604
4.734,-11.26511,-5.174832,-10.23083,-80,0.0,11.26511,69.54677,11.26511,-80,3604
4.797,-11.17946,-5.286626,-6.47162,-80,0.0,11.17946,70.03716,11.17946,-80,3604
4.862,-11.33389,-5.399965,-8.265903,-80,0.0,11.33389,70.50629,11.33389,-80,3604
4.925,-11.2922,-5.512887,-5.778983,-80,0.0,11.2922,70.63298,11.2922,-80,3604
4.984,-11.6283,-5.62917,-11.34503,-80,0.0,11.6283,70.63646,11.6283,-80,3604
5.044,-11.84008,-5.747571,-13.31165,-80,0.0,11.84008,71.16828,11.84008,-80,3604
5.107,-11.9257,-5.866828,-12.36174,-80,0.0,11.9257,71.6963,11.9257,-80,3604
5.171,-12.12998,-5.988128,-13.97497,-80,0.0,12.12998,71.87321,12.12998,-80,3604
5.241,-11.84996,-6.106627,-5.579619,-80,0.0,11.84996,72.00711,11.84996,-80,3604
5.304,-11.76278,-6.224255,-2.720188,-80,0.0,11.76278,72.09485,11.76278,-80,3604
5.369,-11.8434,-6.342689,-3.78849,-80,0.0,11.8434,72.16164,11.8434,-80,3604
5.495,-11.91504,-6.461839,-4.463535,-80,0.0,11.91504,72.68404,11.91504,-80,3604
5.558,-11.75388,-6.579378,-0.3477521,-80,0.0,11.75388,73.22892,11.75388,-80,3604
5.627,-11.99761,-6.699354,-5.152679,-80,0.0,11.99761,73.23913,11.99761,-80,3604
5.693,-12.05631,-6.819917,-5.296269,-80,0.0,12.05631,73.33604,12.05631,-80,3604
5.761,-11.92763,-6.939193,-1.663258,-80,0.0,11.92763,73.80216,11.92763,-80,3604
5.831,-11.86666,-7.05786,-0.1112576,-80,0.0,11.86666,74.4306,11.86666,-80,3604
5.897,-12.09889,-7.178849,-4.733572,-80,0.0,12.09889,74.81914,12.09889,-80,3604
5.967,-12.1013,-7.299862,-3.835056,-80,0.0,12.1013,75.0118,12.1013,-80,3604
6.033,-12.31607,-7.423023,-7.363585,-80,0.0,12.31607,75.33071,12.31607,-80,3604
6.097,-12.23163,-7.545339,-4.20191,-80,0.0,12.23163,75.78065,12.23163,-80,3604
6.171,-12.49384,-7.670278,-8.60586,-80,0.0,12.49384,76.30331,12.49384,-80,3604
6.243,-12.52349,-7.795513,-7.477644,-80,0.0,12.52349,76.6527,12.52349,-80,3604
6.316,-12.79817,-7.923494,-11.47576,-80,0.0,12.79817,76.96619,12.79817,-80,3604
6.392,-12.76824,-8.051177,-8.581946,-80,0.0,12.76824,76.46179,12.76824,-80,3604
6.467,-12.74612,-8.178638,-6.42311,-80,0.0,12.74612,76.755,12.74612,-80,3604
6.597,-12.82869,-8.306926,-6.789985,-80,0.0,12.82869,76.98132,12.82869,-80,3604
6.668,-12.82089,-8.435135,-5.27589,-80,0.0,12.82089,77.51776,12.82089,-80,3604
6.741,-12.83806,-8.563516,-4.564149,-80,0.0,12.83806,77.59049,12.83806,-80,3604
6.855,-12.84785,-8.691994,-3.847109,-80,0.0,12.84785,77.60952,12.84785,-80,3604
6.907,-12.67417,-8.818735,0.3958809,-80,0.0,12.67417,77.94099,12.67417,-80,3604
6.957,-12.9572,-8.948307,-5.343963,-80,0.0,12.9572,78.07446,12.9572,-80,3604
7.009,-12.78805,-9.076187,-0.8920488,-80,0.0,12.78805,78.32614,12.78805,-80,3604
7.065,-13.11306,-9.207317,-7.213845,-80,0.0,13.11306,78.42712,13.11306,-80,3604
7.114,-13.36319,-9.340949,-10.77363,-80,0.0,13.36319,78.53391,13.36319,-80,3604
7.171,-13.30126,-9.473962,-7.380388,-80,0.0,13.30126,78.74266,13.30126,-80,3604
7.231,-13.48188,-9.608781,-9.516714,-80,0.0,13.48188,78.14926,13.48188,-80,3604
7.29,-13.047,-9.739251,1.08431,-80,0.0,13.047,78.35431,13.047,-80,3604
7.349,-12.95239,-9.868775,2.759557,-80,0.0,12.95239,78.74676,12.95239,-80,3604
7.407,-12.12197,-9.989995,18.8161,-80,0.0,12.12197,78.79683,12.12197,-80,3604
7.464,-11.70316,-10.10703,23.429,-80,0.0,11.70316,79.15235,11.70316,-80,3604
7.581,-12.35922,-10.23062,5.621975,-80,0.0,12.35922,79.03522,12.35922,-80,3604
7.639,-12.03051,-10.35092,11.07192,-80,0.0,12.03051,79.4766,12.03051,-80,3604
7.698,-11.93605,-10.47029,10.74665,-80,0.0,11.93605,79.68021,11.93605,-80,3604
7.756,-11.87286,-10.58901,9.861056,-80,0.0,11.87286,79.94984,11.87286,-80,3604
7.812,-11.59956,-10.70501,13.355,-80,0.0,11.59956,80.00138,11.59956,-80,3604
7.87,-11.24548,-10.81746,17.76545,-80,0.0,11.24548,79.88495,11.24548,-80,3604
7.928,-11.3606,-10.93107,11.90998,-80,0.0,11.3606,79.62309,11.3606,-80,3604
7.988,-11.22575,-11.04333,12.22496,-80,0.0,11.22575,79.36876,11.22575,-80,3604
8.049,-11.30941,-11.15642,8.10686,-80,0.0,11.30941,79.33853,11.30941,-80,3604
8.108,-10.45111,-11.26093,23.65149,-80,0.0,10.45111,79.4107,10.45111,-80,3604
8.172,-10.17143,-11.36265,24.51476,-80,0.0,10.17143,79.73467,10.17143,-80,3604
8.236,-9.638473,-11.45903,30.27097,-80,0.0,9.638473,80.08179,9.638473,-80,3604
8.298,-9.136009,-11.55039,34.26604,-80,0.0,9.136009,80.24652,9.136009,-80,3604
8.365,-8.553786,-11.63593,39.0573,-80,0.0,8.553786,80.74484,8.553786,-80,3604
8.43,-8.5428,-11.72136,31.46556,-80,0.0,8.5428,81.02792,8.5428,-80,3604
8.55,-8.232893,-11.80369,31.37059,-80,0.0,8.232893,81.11738,8.232893,-80,3604
8.619,-8.146021,-11.88515,26.83392,-80,0.0,8.146021,81.1985,8.146021,-80,3604
8.684,-8.353543,-11.96868,17.31668,-80,0.0,8.353543,81.01832,8.353543,-80,3604
8.752,-7.835733,-12.04704,24.20955,-80,0.0,7.835733,81.20476,7.835733,-80,3604
8.82,-7.645607,-12.1235,23.17015,-80,0.0,7.645607,81.40553,7.645607,-80,3604
8.884,-7.383603,-12.19733,23.77621,-80,0.0,7.383603,81.62945,7.383603,-80,3604
8.949,-6.924695,-12.26658,28.19912,-80,0.0,6.924695,81.86982,6.924695,-80,3604
9.013,-6.755145,-12.33413,25.95032,-80,0.0,6.755145,82.11943,6.755145,-80,3604
9.081,-6.163934,-12.39577,32.58447,-80,0.0,6.163934,82.59349,6.163934,-80,3604
9.147,-5.889853,-12.45467,31.5492,-80,0.0,5.889853,82.85866,5.889853,-80,3604
9.213,-5.650958,-12.51118,30.01725,-80,0.0,5.650958,83.00978,5.650958,-80,3604
9.287,-5.338686,-12.56457,30.25923,-80,0.0,5.338686,83.23086,5.338686,-80,3604
9.361,-4.665952,-12.61123,37.66208,-80,0.0,4.665952,83.45448,4.665952,-80,3604
9.43,-4.456116,-12.65579,34.32639,-80,0.0,4.456116,83.4668,4.456116,-80,3604
9.499,-4.453729,-12.70033,27.50885,-80,0.0,4.453729,82.62927,4.453729,-80,3604
9.622,-4.03388,-12.74066,30.40406,-80,0.0,4.03388,82.97753,4.03388,-80,3604
9.696,-3.6026,-12.77669,32.94884,-80,0.0,3.6026,83.40834,3.6026,-80,3604
9.767,-3.734901,-12.81404,23.71305,-80,0.0,3.734901,83.63248,3.734901,-80,3604
9.839,-4.053358,-12.85457,12.60131,-80,0.0,4.053358,83.60722,4.053358,-80,3604
9.908,-3.395356,-12.88853,23.24108,-80,0.0,3.395356,83.35468,3.395356,-80,3604
9.979,-3.095873,-12.91949,24.58252,-80,0.0,3.095873,83.39477,3.095873,-80,3604
10.051,-3.054813,-12.95003,20.48722,-80,0.0,3.054813,83.33201,3.054813,-80,3604
10.118,-2.753091,-12.97756,22.42423,-80,0.0,2.753091,83.5602,2.753091,-80,3604
10.188,-2.194962,-12.99951,29.10196,-80,0.0,2.194962,83.62981,2.194962,-80,3604
10.258,-1.959981,-13.01911,27.98119,-80,0.0,1.959981,83.58904,1.959981,-80,3604
10.373,-1.800872,-13.03712,25.56712,-80,0.0,1.800872,83.65266,1.800872,-80,3604
10.424,-1.489122,-13.05202,26.6887,-80,0.0,1.489122,83.72344,1.489122,-80,3604
10.483,-1.051291,-13.06253,30.10758,-80,0.0,1.051291,83.38767,1.051291,-80,3604
10.539,-0.6701831,-13.06923,31.70823,-68.94448,0.0,0.6701831,83.67381,0.6701831,-68.94448,3785
10.591,-0.2071292,-13.0713,34.62766,-22.34797,0.0,0.2071292,83.05959,0.2071292,-22.34797,4548
10.712,0.02876911,-13.07101,32.42009,1.021225,0.0,-0.02876911,83.20212,-0.02876911,1.021225,4931
10.769,0.3673325,-13.06734,32.70734,34.90773,0.0,-0.3673325,83.34506,-0.3673325,34.90773,5487
10.824,0.686038,-13.06048,32.53999,66.76421,0.0,-0.686038,83.78059,-0.686038,66.76421,6008
10.884,1.187035,-13.04861,36.05194,80,0.0,-1.187035,84.00639,-1.187035,80,6225
10.939,1.300213,-13.03561,31.10511,80,0.0,-1.300213,84.30046,-1.300213,80,6225
10.995,1.52123,-13.02039,29.30442,80,0.0,-1.52123,84.48189,-1.52123,80,6225
11.05,1.754113,-13.00285,28.1012,80,0.0,-1.754113,84.38528,-1.754113,80,6225
11.105,2.173518,-12.98112,30.86906,80,0.0,-2.173518,84.51296,-2.173518,80,6225
11.163,2.418068,-12.95694,29.58625,80,0.0,-2.418068,84.7834,-2.418068,80,6225
11.222,2.778365,-12.92915,30.87494,80,0.0,-2.778365,84.89603,-2.778365,80,6225
11.279,2.896842,-12.90019,27.06949,80,0.0,-2.896842,84.97874,-2.896842,80,6225
11.34,2.82726,-12.87191,20.26394,80,0.0,-2.82726,85.0043,-2.82726,80,6225
11.401,3.311337,-12.8388,25.89272,80,0.0,-3.311337,85.58223,-3.311337,80,6225
11.457,3.099722,-12.8078,16.48186,80,0.0,-3.099722,85.39793,-3.099722,80,6225
11.513,3.380051,-12.774,18.79207,80,0.0,-3.380051,85.5627,-3.380051,80,6225
11.63,3.649002,-12.73751,20.41267,80,0.0,-3.649002,85.58382,-3.649002,80,6225
11.691,3.831116,-12.6992,19.97243,80,0.0,-3.831116,85.96301,-3.831116,80,6225
11.75,4.173745,-12.65746,22.83051,80,0.0,-4.173745,86.11265,-4.173745,80,6225
11.811,4.174889,-12.61571,18.2873,80,0.0,-4.174889,85.9984,-4.174889,80,6225
11.872,3.982241,-12.57589,10.77687,80,0.0,-3.982241,85.78997,-3.982241,80,6225
11.934,4.05838,-12.53531,10.14427,80,0.0,-4.05838,85.80762,-4.05838,80,6225
11.998,4.210718,-12.4932,11.16219,80,0.0,-4.210718,85.97253,-4.210718,80,6225
12.06,4.211362,-12.45109,8.942627,80,0.0,-4.211362,86.20708,-4.211362,80,6225
12.124,3.475738,-12.41633,-7.55838,80,0.0,-3.475738,86.31054,-3.475738,80,6225
12.188,3.660901,-12.37972,-2.343438,80,0.0,-3.660901,86.67322,-3.660901,80,6225
12.255,3.765733,-12.34206,0.2218879,80,0.0,-3.765733,86.66365,-3.765733,80,6225
12.325,3.626624,-12.3058,-2.604672,80,0.0,-3.626624,86.53493,-3.626624,80,6225
12.388,4.085755,-12.26494,7.098892,80,0.0,-4.085755,86.54663,-4.085755,80,6225
12.457,4.110571,-12.22383,6.175435,80,0.0,-4.110571,86.66676,-4.110571,80,6225
12.521,4.324871,-12.18058,9.226341,80,0.0,-4.324871,86.76573,-4.324871,80,6225
12.647,4.622955,-12.13436,13.34275,80,0.0,-4.622955,86.92245,-4.622955,80,6225
12.709,4.982089,-12.08453,17.85688,80,0.0,-4.982089,87.06703,-4.982089,80,6225
12.781,4.949536,-12.03504,13.63444,80,0.0,-4.949536,87.12284,-4.949536,80,6225
12.849,4.969933,-11.98534,11.31549,80,0.0,-4.969933,87.08435,-4.969933,80,6225
12.921,4.899122,-11.93635,7.636185,80,0.0,-4.899122,87.20528,-4.899122,80,6225
12.989,5.030437,-11.88604,8.735252,80,0.0,-5.030437,87.35127,-5.030437,80,6225
13.058,5.151406,-11.83453,9.407578,80,0.0,-5.151406,87.29144,-5.151406,80,6225
13.127,5.322407,-11.78131,10.94608,80,0.0,-5.322407,87.33772,-5.322407,80,6225
13.197,5.35099,-11.7278,9.328517,80,0.0,-5.35099,87.51547,-5.35099,80,6225
13.275,5.142245,-11.67637,3.287914,80,0.0,-5.142245,87.70915,-5.142245,80,6225
13.349,4.900918,-11.62737,-2.196196,80,0.0,-4.900918,87.79833,-4.900918,80,6225
13.426,4.603228,-11.58133,-7.710774,80,0.0,-4.603228,87.82976,-4.603228,80,6225
13.496,4.229889,-11.53903,-13.63538,80,0.0,-4.229889,87.70248,-4.229889,80,6225
13.567,3.844065,-11.50059,-18.62481,80,0.0,-3.844065,87.85213,-3.844065,80,6225
13.642,3.461221,-11.46598,-22.55671,80,0.0,-3.461221,87.92551,-3.461221,80,6225
13.77,3.209692,-11.43388,-23.07596,80,0.0,-3.209692,87.75744,-3.209692,80,6225
13.878,2.861366,-11.40527,-25.42729,80,0.0,-2.861366,87.5964,-2.861366,80,6225
13.932,2.453277,-11.38074,-28.50362,80,0.0,-2.453277,87.76406,-2.453277,80,6225
13.99,2.083794,-11.3599,-30.19255,80,0.0,-2.083794,87.90675,-2.083794,80,6225
14.043,1.901681,-11.34088,-27.7963,80,0.0,-1.901681,88.17107,-1.901681,80,6225
14.098,1.604865,-11.32483,-28.17335,80,0.0,-1.604865,88.35936,-1.604865,80,6225
14.153,1.212624,-11.31271,-30.38351,80,0.0,-1.212624,88.18408,-1.212624,80,6225
14.213,0.916659,-11.30354,-30.22611,80,0.0,-0.916659,88.12807,-0.916659,80,6225
14.277,0.5706773,-11.29783,-31.10052,49.55152,0.0,-0.5706773,88.25689,-0.5706773,49.55152,5726
14.331,0.3320023,-11.29451,-29.65392,25.82998,0.0,-0.3320023,87.78592,-0.3320023,25.82998,5338
14.387,0.3212952,-11.2913,-23.93728,25.33218,0.0,-0.3212952,87.95029,-0.3212952,25.33218,5330
14.443,0.03078029,-11.29099,-24.96012,-3.821471,0.0,-0.03078029,88.22604,-0.03078029,-3.821471,4852
14.501,-0.152464,-11.29252,-23.63298,-22.01378,0.0,0.152464,88.13977,0.152464,-22.01378,4554
14.558,-0.496252,-11.29748,-25.78215,-56.60943,0.0,0.496252,88.08054,0.496252,-56.60943,3987
14.622,-0.4238671,-11.30172,-19.17802,-48.71218,0.0,0.4238671,87.96352,0.4238671,-48.71218,4117
14.739,-0.418245,-11.3059,-15.22998,-47.75681,0.0,0.418245,87.21764,0.418245,-47.75681,4132
14.802,-0.7995069,-11.3139,-19.80922,-80,0.0,0.7995069,87.3149,0.7995069,-80,3604
14.859,-0.6498485,-11.3204,-12.85421,-70.68523,0.0,0.6498485,87.47509,0.6498485,-70.68523,3757
14.92,-1.317483,-11.33357,-23.63605,-80,0.0,1.317483,87.52977,1.317483,-80,3604
14.978,-1.605228,-11.34962,-24.66375,-80,0.0,1.605228,87.64156,1.605228,-80,3604
15.039,-1.823021,-11.36785,-24.08686,-80,0.0,1.823021,87.92051,1.823021,-80,3604
15.099,-1.937081,-11.38723,-21.55069,-80,0.0,1.937081,87.79408,1.937081,-80,3604
15.159,-2.074222,-11.40797,-19.98336,-80,0.0,2.074222,88.01667,2.074222,-80,3604
15.221,-2.423844,-11.43221,-22.97915,-80,0.0,2.423844,88.09226,2.423844,-80,3604
15.284,-2.71989,-11.4594,-24.30423,-80,0.0,2.71989,88.12989,2.71989,-80,3604
15.348,-3.392091,-11.49333,-32.8874,-80,0.0,3.392091,88.28562,3.392091,-80,3604
15.408,-3.792007,-11.53125,-34.30825,-80,0.0,3.792007,88.42378,3.792007,-80,3604
15.47,-3.811753,-11.56936,-27.84153,-80,0.0,3.811753,88.59651,3.811753,-80,3604
15.535,-3.776761,-11.60713,-21.57337,-80,0.0,3.776761,88.50563,3.776761,-80,3604
15.607,-3.919011,-11.64632,-20.1037,-80,0.0,3.919011,89.25803,3.919011,-80,3604
15.73,-4.215067,-11.68847,-22.00408,-80,0.0,4.215067,89.07732,4.215067,-80,3604
15.793,-4.426685,-11.73274,-21.83563,-80,0.0,4.426685,89.27922,4.426685,-80,3604
15.858,-4.591625,-11.77866,-20.7673,-80,0.0,4.591625,89.36723,4.591625,-80,3604
15.925,-5.031871,-11.82897,-25.41875,-80,0.0,5.031871,89.72868,5.031871,-80,3604
15.992,-5.145008,-11.88042,-22.59775,-80,0.0,5.145008,89.56766,5.145008,-80,3604
16.055,-5.28035,-11.93323,-20.78504,-80,0.0,5.28035,89.67426,5.28035,-80,3604
16.123,-5.71627,-11.99039,-25.34644,-80,0.0,5.71627,89.42258,5.71627,-80,3604
16.189,-6.344579,-12.05383,-32.84332,-80,0.0,6.344579,89.48087,6.344579,-80,3604
16.259,-6.58919,-12.11973,-31.16689,-80,0.0,6.58919,89.51237,6.58919,-80,3604
16.328,-6.582476,-12.18555,-24.79922,-80,0.0,6.582476,89.6648,6.582476,-80,3604
16.395,-6.773911,-12.25329,-23.66807,-80,0.0,6.773911,89.62387,6.773911,-80,3604
16.468,-6.768577,-12.32098,-18.82778,-80,0.0,6.768577,89.89161,6.768577,-80,3604
16.545,-7.008825,-12.39107,-19.8672,-80,0.0,7.008825,89.79476,7.008825,-80,3604
16.612,-6.6814,-12.45788,-9.345256,-80,0.0,6.6814,89.8697,6.6814,-80,3604
16.684,-6.453559,-12.52242,-2.919377,-80,0.0,6.453559,90.05727,6.453559,-80,3604
16.814,-6.964929,-12.59206,-12.5629,-80,0.0,6.964929,89.94933,6.964929,-80,3604
16.886,-6.910359,-12.66117,-8.958932,-80,0.0,6.910359,90.04208,6.910359,-80,3604
16.961,-6.866685,-12.72983,-6.293656,-80,0.0,6.866685,90.063,6.866685,-80,3604
17.034,-6.760485,-12.79744,-2.91093,-80,0.0,6.760485,90.41338,6.760485,-80,3604
17.102,-6.611089,-12.86355,0.6591747,-80,0.0,6.611089,90.47443,6.611089,-80,3604
17.216,-5.946599,-12.92302,13.81714,-80,0.0,5.946599,90.77486,5.946599,-80,3604
17.268,-5.936495,-12.98238,11.25579,-80,0.0,5.936495,90.88345,5.936495,-80,3604
17.322,-5.365061,-13.03603,20.43331,-80,0.0,5.365061,90.91855,5.365061,-80,3604
17.378,-5.080738,-13.08684,22.03311,-80,0.0,5.080738,90.96735,5.080738,-80,3604
17.43,-4.513818,-13.13198,28.9649,-80,0.0,4.513818,91.05168,4.513818,-80,3604
17.487,-4.264927,-13.17463,28.14974,-80,0.0,4.264927,91.26228,4.264927,-80,3604
17.541,-4.192883,-13.21656,23.96067,-80,0.0,4.192883,91.23871,4.192883,-80,3604
17.596,-4.042186,-13.25698,22.18248,-80,0.0,4.042186,90.99316,4.042186,-80,3604
17.653,-3.877063,-13.29575,21.04843,-80,0.0,3.877063,91.21632,3.877063,-80,3604
17.706,-3.734464,-13.33309,19.69073,-80,0.0,3.734464,90.88119,3.734464,-80,3604
17.817,-3.22891,-13.36538,25.86367,-80,0.0,3.22891,91.03307,3.22891,-80,3604
17.872,-2.830623,-13.39369,28.65667,-80,0.0,2.830623,90.90215,2.830623,-80,3604
17.931,-2.49825,-13.41867,29.5728,-80,0.0,2.49825,91.08617,2.49825,-80,3604
17.987,-2.251297,-13.44118,28.5973,-80,0.0,2.251297,91.18453,2.251297,-80,3604
18.045,-2.007917,-13.46126,27.74543,-80,0.0,2.007917,91.22356,2.007917,-80,3604
18.103,-1.881043,-13.48007,24.73384,-80,0.0,1.881043,91.23067,1.881043,-80,3604
18.162,-1.773939,-13.49781,21.92915,-80,0.0,1.773939,91.29995,1.773939,-80,3604
18.225,-1.132413,-13.50914,30.37384,-80,0.0,1.132413,91.41064,1.132413,-80,3604
18.283,-1.07449,-13.51988,25.45752,-80,0.0,1.07449,91.63537,1.07449,-80,3604
18.347,-0.8256923,-13.52814,25.34198,-80,0.0,0.8256923,91.74644,0.8256923,-80,3604
18.407,-0.5775461,-13.53392,25.23651,-60.50919,0.0,0.5775461,91.94286,0.5775461,-60.50919,3923
18.464,-0.3263036,-13.53718,25.21406,-35.38845,0.0,0.3263036,91.66802,0.3263036,-35.38845,4335
18.527,0.1532159,-13.53565,29.76164,13.01885,0.0,-0.1532159,91.99802,-0.1532159,13.01885,5128
18.589,0.7767751,-13.52788,36.28049,76.02969,0.0,-0.7767751,91.77728,-0.7767751,76.02969,6160
18.65,0.7428622,-13.52045,28.34614,71.84785,0.0,-0.7428622,91.86761,-0.7428622,71.84785,6092
18.775,0.622591,-13.51423,20.27149,59.01571,0.0,-0.622591,91.71317,-0.622591,59.01571,5882
18.838,1.282787,-13.5014,29.42112,80,0.0,-1.282787,90.75851,-1.282787,80,6225
18.903,1.717837,-13.48422,32.23788,80,0.0,-1.717837,90.46348,-1.717837,80,6225
18.967,1.613967,-13.46808,23.71291,80,0.0,-1.613967,90.43874,-1.613967,80,6225
19.03,1.790859,-13.45017,22.50817,80,0.0,-1.790859,90.28479,-1.790859,80,6225
19.103,1.883823,-13.43133,19.86581,80,0.0,-1.883823,90.38326,-1.883823,80,6225
19.165,2.426547,-13.40707,26.74713,80,0.0,-2.426547,90.65577,-2.426547,80,6225
19.227,2.704458,-13.38002,26.95592,80,0.0,-2.704458,90.19968,-2.704458,80,6225
19.291,2.803335,-13.35199,23.54228,80,0.0,-2.803335,90.29897,-2.803335,80,6225
19.358,2.644007,-13.32555,15.64726,80,0.0,-2.644007,90.50771,-2.644007,80,6225
19.425,2.799762,-13.29755,15.63291,80,0.0,-2.799762,90.53455,-2.799762,80,6225
19.501,3.005719,-13.26749,16.62547,80,0.0,-3.005719,90.74651,-3.005719,80,6225
19.573,3.02409,-13.23725,13.66779,80,0.0,-3.02409,90.5713,-3.02409,80,6225
19.643,3.040653,-13.20685,11.26551,80,0.0,-3.040653,91.41686,-3.040653,80,6225
19.713,2.759172,-13.17925,3.382784,80,0.0,-2.759172,91.52917,-2.759172,80,6225
19.844,3.539677,-13.14386,18.31633,80,0.0,-3.539677,91.98273,-3.539677,80,6225
19.912,3.290328,-13.11095,9.666074,80,0.0,-3.290328,91.8432,-3.290328,80,6225
19.979,3.537402,-13.07558,12.67435,80,0.0,-3.537402,91.42002,-3.537402,80,6225
20.049,3.523006,-13.04035,9.851557,80,0.0,-3.523006,91.26469,-3.523006,80,6225
20.12,3.611812,-13.00423,9.657359,80,0.0,-3.611812,91.42825,-3.611812,80,6225
20.19,3.58503,-12.96838,7.190251,80,0.0,-3.58503,91.5306,-3.58503,80,6225
20.263,3.89048,-12.92948,11.86121,80,0.0,-3.89048,91.30954,-3.89048,80,6225
20.333,3.989088,-12.88959,11.46112,80,0.0,-3.989088,91.44058,-3.989088,80,6225
20.403,3.880708,-12.85078,7.001296,80,0.0,-3.880708,91.31034,-3.880708,80,6225
20.474,4.205657,-12.80872,12.10003,80,0.0,-4.205657,91.25162,-4.205657,80,6225
20.552,4.24804,-12.76624,10.52768,80,0.0,-4.24804,91.28185,-4.24804,80,6225
20.662,4.449448,-12.72175,12.45029,80,0.0,-4.449448,91.15149,-4.449448,80,6225
20.714,4.463492,-12.67711,10.24112,80,0.0,-4.463492,91.02163,-4.463492,80,6225
20.766,4.580104,-12.63131,10.52513,80,0.0,-4.580104,91.23662,-4.580104,80,6225
20.82,4.402449,-12.58729,4.867002,80,0.0,-4.402449,91.26676,-4.402449,80,6225
20.936,4.55789,-12.54171,7.002428,80,0.0,-4.55789,91.03022,-4.55789,80,6225
20.987,4.585053,-12.49586,6.145213,80,0.0,-4.585053,91.04822,-4.585053,80,6225
21.037,4.426091,-12.4516,1.736916,80,0.0,-4.426091,91.1088,-4.426091,80,6225
21.092,4.084275,-12.41075,-5.446786,80,0.0,-4.084275,90.93459,-4.084275,80,6225
21.145,3.681065,-12.37394,-12.42163,80,0.0,-3.681065,90.89292,-3.681065,80,6225
21.197,3.052683,-12.34341,-22.50493,80,0.0,-3.052683,90.98963,-3.052683,80,6225
21.255,1.942225,-12.32399,-40.21311,80,0.0,-1.942225,90.31783,-1.942225,80,6225
21.312,1.513561,-12.30886,-40.74377,80,0.0,-1.513561,90.46528,-1.513561,80,6225
21.365,0.7534287,-12.30132,-47.79766,65.76559,0.0,-0.7534287,90.53822,-0.7534287,65.76559,5992
21.421,0.5252285,-12.29607,-42.80214,43.44716,0.0,-0.5252285,90.68528,-0.5252285,43.44716,5626
21.479,0.04351971,-12.29564,-43.87589,-4.830915,0.0,-0.04351971,90.6255,-0.04351971,-4.830915,4835
21.543,-0.5525529,-12.30116,-47.02216,-64.75496,0.0,0.5525529,90.58126,0.5525529,-64.75496,3854
21.599,-0.6102473,-12.30726,-38.77162,-69.70172,0.0,0.6102473,90.64771,0.6102473,-69.70172,3773
21.666,-1.028958,-12.31755,-39.39152,-80,0.0,1.028958,90.45582,1.028958,-80,3604
21.723,-0.4740042,-12.32229,-20.41413,-54.24752,0.0,0.4740042,90.26746,0.4740042,-54.24752,4026
21.843,-0.7006246,-12.3293,-20.86371,-76.95726,0.0,0.7006246,90.05878,0.7006246,-76.95726,3654
21.904,-1.357714,-12.34288,-29.83275,-80,0.0,1.357714,89.59116,1.357714,-80,3604
21.967,-0.9371811,-12.35225,-15.45555,-80,0.0,0.9371811,89.77037,0.9371811,-80,3604
22.032,-1.211797,-12.36437,-17.85677,-80,0.0,1.211797,89.85349,1.211797,-80,3604
22.093,-1.85977,-12.38296,-27.24487,-80,0.0,1.85977,90.05629,1.85977,-80,3604
22.156,-2.121985,-12.40418,-27.04019,-80,0.0,2.121985,89.88242,2.121985,-80,3604
22.221,-2.211313,-12.4263,-23.4187,-80,0.0,2.211313,89.99286,2.211313,-80,3604
22.292,-2.455158,-12.45085,-23.61187,-80,0.0,2.455158,90.03558,2.455158,-80,3604
22.36,-2.783233,-12.47868,-25.451,-80,0.0,2.783233,89.90779,2.783233,-80,3604
22.425,-2.763587,-12.50632,-19.96787,-80,0.0,2.763587,89.6454,2.763587,-80,3604
22.489,-2.799881,-12.53432,-16.70018,-80,0.0,2.799881,89.60078,2.799881,-80,3604
22.556,-3.142647,-12.56574,-20.21548,-80,0.0,3.142647,89.64288,3.142647,-80,3604
22.622,-3.141723,-12.59716,-16.1539,-80,0.0,3.141723,90.17973,3.141723,-80,3604
22.687,-3.333343,-12.63049,-16.75552,-80,0.0,3.333343,90.30294,3.333343,-80,3604
22.758,-3.534806,-12.66584,-17.43366,-80,0.0,3.534806,90.37949,3.534806,-80,3604
22.889,-3.596944,-12.70181,-15.18971,-80,0.0,3.596944,90.30799,3.596944,-80,3604
22.955,-3.646153,-12.73827,-13.13595,-80,0.0,3.646153,89.80069,3.646153,-80,3604
23.026,-3.777033,-12.77604,-13.12635,-80,0.0,3.777033,89.8801,3.777033,-80,3604
23.091,-4.439638,-12.82044,-23.75318,-80,0.0,4.439638,89.936,4.439638,-80,3604
23.16,-4.560273,-12.86604,-21.41525,-80,0.0,4.560273,89.78219,4.560273,-80,3604
23.226,-5.031868,-12.91636,-26.5641,-80,0.0,5.031868,89.58804,5.031868,-80,3604
23.298,-5.168363,-12.96804,-23.98117,-80,0.0,5.168363,89.54748,5.168363,-80,3604
23.369,-5.401249,-13.02206,-23.84266,-80,0.0,5.401249,89.54178,5.401249,-80,3604
23.436,-5.463452,-13.07669,-20.3182,-80,0.0,5.463452,89.65607,5.463452,-80,3604
23.504,-5.467993,-13.13137,-16.34538,-80,0.0,5.467993,90.30182,5.467993,-80,3604
23.573,-5.627775,-13.18765,-16.27194,-80,0.0,5.627775,90.25311,5.627775,-80,3604
23.645,-5.857938,-13.24623,-17.62081,-80,0.0,5.857938,90.356,5.857938,-80,3604
23.715,-5.356321,-13.29979,-4.064306,-80,0.0,5.356321,90.24897,5.356321,-80,3604
23.789,-5.674483,-13.35653,-9.614684,-80,0.0,5.674483,90.10101,5.674483,-80,3604
23.861,-5.923039,-13.41576,-12.66287,-80,0.0,5.923039,90.08614,5.923039,-80,3604
24.001,-6.064196,-13.47641,-12.95343,-80,0.0,6.064196,90.18769,6.064196,-80,3604
24.117,-6.044777,-13.53685,-9.97438,-80,0.0,6.044777,90.23807,6.044777,-80,3604
24.181,-5.823611,-13.59509,-3.556181,-80,0.0,5.823611,90.47028,5.823611,-80,3604
24.234,-5.620629,-13.6513,1.214694,-80,0.0,5.620629,90.5358,5.620629,-80,3604
24.288,-5.672425,-13.70802,-0.06415421,-80,0.0,5.672425,90.29166,5.672425,-80,3604
24.345,-5.936469,-13.76739,-5.332209,-80,0.0,5.936469,90.30167,5.936469,-80,3604
24.399,-5.652359,-13.82391,1.416443,-80,0.0,5.652359,90.55572,5.652359,-80,3604
24.451,-5.511034,-13.87902,3.959645,-80,0.0,5.511034,90.62524,5.511034,-80,3604
24.51,-4.93989,-13.92842,14.59059,-80,0.0,4.93989,90.24012,4.93989,-80,3604
24.562,-4.602497,-13.97444,18.42034,-80,0.0,4.602497,90.24913,4.602497,-80,3604
24.617,-4.581654,-14.02026,15.15313,-80,0.0,4.581654,90.6198,4.581654,-80,3604
24.673,-4.27034,-14.06296,18.34878,-80,0.0,4.27034,90.6562,4.27034,-80,3604
24.733,-3.897492,-14.10194,22.13599,-80,0.0,3.897492,90.78813,3.897492,-80,3604
24.788,-3.518937,-14.13713,25.2799,-80,0.0,3.518937,90.64662,3.518937,-80,3604
24.843,-3.053149,-14.16766,29.53969,-80,0.0,3.053149,90.59454,3.053149,-80,3604
24.964,-2.595389,-14.19361,32.78694,-80,0.0,2.595389,90.91042,2.595389,-80,3604
25.02,-2.265569,-14.21627,32.82596,-80,0.0,2.265569,90.79278,2.265569,-80,3604
25.079,-2.145325,-14.23772,28.66565,-80,0.0,2.145325,90.80256,2.145325,-80,3604
25.14,-1.963681,-14.25736,26.5654,-80,0.0,1.963681,90.18384,1.963681,-80,3604
25.2,-1.85598,-14.27592,23.40633,-80,0.0,1.85598,90.39284,1.85598,-80,3604
25.261,-1.568229,-14.2916,24.48009,-80,0.0,1.568229,91.15443,1.568229,-80,3604
25.32,-1.286088,-14.30446,25.22689,-80,0.0,1.286088,91.40204,1.286088,-80,3604
25.381,-1.117805,-14.31564,23.54717,-80,0.0,1.117805,91.37554,1.117805,-80,3604
25.444,-0.7998121,-14.32364,25.1976,-80,0.0,0.7998121,91.5834,0.7998121,-80,3604
25.504,-0.9624003,-14.33326,16.90632,-80,0.0,0.9624003,91.42269,0.9624003,-80,3604
25.566,-0.7665007,-14.34093,17.44305,-80,0.0,0.7665007,91.45614,0.7665007,-80,3604
25.629,-0.5006521,-14.34593,19.27141,-53.73299,0.0,0.5006521,91.44525,0.5006521,-53.73299,4034
25.691,-0.3408132,-14.34934,18.6139,-37.81618,0.0,0.3408132,91.75939,0.3408132,-37.81618,4295
25.755,-0.1214865,-14.35056,19.27766,-15.8176,0.0,0.1214865,92.01522,0.1214865,-15.8176,4655
25.82,-0.2803435,-14.35336,12.24499,-32.40766,0.0,0.2803435,91.93551,0.2803435,-32.40766,4384
25.94,-0.1350512,-14.35471,12.70184,-17.83327,0.0,0.1350512,92.0194,0.1350512,-17.83327,4622
26.002,0.2983296,-14.35173,18.82909,26.1187,0.0,-0.2983296,92.01084,-0.2983296,26.1187,5343
26.066,0.7588546,-14.34414,24.27377,72.71862,0.0,-0.7588546,91.76158,-0.7588546,72.71862,6106
26.137,0.9481505,-14.33466,23.20494,80,0.0,-0.9481505,91.79705,-0.9481505,80,6225
26.205,0.6069267,-14.32859,11.73947,56.27847,0.0,-0.6069267,91.58943,-0.6069267,56.27847,5837
26.272,0.3453541,-14.32514,4.160123,29.36462,0.0,-0.3453541,92.30874,-0.3453541,29.36462,5396
26.342,0.3722135,-14.32141,3.865288,32.02253,0.0,-0.3722135,92.13043,-0.3722135,32.02253,5439
26.411,0.5555959,-14.31586,6.759877,50.65239,0.0,-0.5555959,92.12846,-0.5555959,50.65239,5745
26.478,0.922871,-14.30663,12.75341,80,0.0,-0.922871,92.30196,-0.922871,80,6225
26.545,1.069098,-14.29594,13.12727,80,0.0,-1.069098,92.17061,-1.069098,80,6225
26.613,1.158406,-14.28436,12.28797,80,0.0,-1.158406,91.9113,-1.158406,80,6225
26.682,1.203748,-14.27232,10.73722,80,0.0,-1.203748,92.06017,-1.203748,80,6225
26.757,1.697867,-14.25534,18.47215,80,0.0,-1.697867,92.38943,-1.697867,80,6225
26.825,1.590961,-14.23943,12.6396,80,0.0,-1.590961,92.45956,-1.590961,80,6225
26.896,1.628515,-14.22315,10.86277,80,0.0,-1.628515,92.45354,-1.628515,80,6225
27.024,2.084653,-14.2023,17.81297,80,0.0,-2.084653,92.40047,-2.084653,80,6225
27.092,2.27049,-14.17959,17.96712,80,0.0,-2.27049,92.32434,-2.27049,80,6225
27.167,2.365631,-14.15594,16.27652,80,0.0,-2.365631,92.3811,-2.365631,80,6225
27.24,2.75187,-14.12842,20.74599,80,0.0,-2.75187,92.13224,-2.75187,80,6225
27.316,3.187292,-14.09655,25.30523,80,0.0,-3.187292,91.9136,-3.187292,80,6225
27.423,3.697704,-14.05957,30.45243,80,0.0,-3.697704,92.19917,-3.697704,80,6225
27.476,3.575354,-14.02382,21.91494,80,0.0,-3.575354,92.36803,-3.575354,80,6225
27.526,3.773485,-13.98608,21.49458,80,0.0,-3.773485,92.18851,-3.773485,80,6225
27.576,3.689921,-13.94918,15.52439,80,0.0,-3.689921,92.11334,-3.689921,80,6225
27.632,3.652333,-13.91266,11.66775,80,0.0,-3.652333,92.33297,-3.652333,80,6225
27.689,3.508877,-13.87757,6.465082,80,0.0,-3.508877,92.13138,-3.508877,80,6225
27.746,2.964692,-13.84792,-5.711642,80,0.0,-2.964692,91.87646,-2.964692,80,6225
27.804,3.163165,-13.81629,-0.599859,80,0.0,-3.163165,91.76243,-3.163165,80,6225
27.861,3.257966,-13.78371,1.416146,80,0.0,-3.257966,91.68687,-3.257966,80,6225
27.918,3.712436,-13.74659,10.22231,80,0.0,-3.712436,91.29858,-3.712436,80,6225
28.035,4.030742,-13.70628,14.54396,80,0.0,-4.030742,91.2653,-4.030742,80,6225
28.092,3.911619,-13.66717,9.252721,80,0.0,-3.911619,91.29009,-3.911619,80,6225
28.152,3.78877,-13.62928,4.945197,80,0.0,-3.78877,91.39751,-3.78877,80,6225
28.209,3.962974,-13.58965,7.44024,80,0.0,-3.962974,91.04217,-3.962974,80,6225
28.264,4.090847,-13.54874,8.509645,80,0.0,-4.090847,91.15474,-4.090847,80,6225
28.32,4.42446,-13.50449,13.47998,80,0.0,-4.42446,91.18436,-4.42446,80,6225
28.378,4.70671,-13.45743,16.42899,80,0.0,-4.70671,91.13021,-4.70671,80,6225
28.434,4.328204,-13.41415,5.573064,80,0.0,-4.328204,91.13458,-4.328204,80,6225
28.496,4.424232,-13.3699,6.379018,80,0.0,-4.424232,91.18094,-4.424232,80,6225
28.559,4.57373,-13.32417,8.093155,80,0.0,-4.57373,90.87664,-4.57373,80,6225
28.625,4.726399,-13.2769,9.527922,80,0.0,-4.726399,90.85437,-4.726399,80,6225
28.689,5.030509,-13.2266,13.70453,80,0.0,-5.030509,91.00536,-5.030509,80,6225
28.752,4.805829,-13.17854,6.470015,80,0.0,-4.805829,90.9659,-4.805829,80,6225
28.813,4.84552,-13.13008,5.96985,80,0.0,-4.84552,90.98819,-4.84552,80,6225
28.884,4.780332,-13.08228,3.472103,80,0.0,-4.780332,91.05029,-4.780332,80,6225
29.008,4.800566,-13.03427,3.182364,80,0.0,-4.800566,91.16302,-4.800566,80,6225
29.073,4.788413,-12.98639,2.302829,80,0.0,-4.788413,91.27017,-4.788413,80,6225
29.136,4.594971,-12.94044,-2.026575,80,0.0,-4.594971,91.08847,-4.594971,80,6225
29.197,4.498014,-12.89546,-3.560394,80,0.0,-4.498014,90.91305,-4.498014,80,6225
29.258,4.31625,-12.8523,-6.483598,80,0.0,-4.31625,91.01698,-4.31625,80,6225
29.324,4.020387,-12.81209,-11.10414,80,0.0,-4.020387,91.13737,-4.020387,80,6225
29.388,3.833189,-12.77376,-12.62726,80,0.0,-3.833189,91.27542,-3.833189,80,6225
29.451,3.256019,-12.7412,-21.64522,80,0.0,-3.256019,91.44606,-3.256019,80,6225
29.513,2.965834,-12.71154,-23.11987,80,0.0,-2.965834,91.28063,-2.965834,80,6225
29.581,2.53122,-12.68623,-27.18819,80,0.0,-2.53122,91.10822,-2.53122,80,6225
29.648,2.018442,-12.66605,-32.00611,80,0.0,-2.018442,90.85415,-2.018442,80,6225
29.714,1.382069,-12.65223,-38.33234,80,0.0,-1.382069,91.45673,-1.382069,80,6225
29.786,0.8762444,-12.64346,-40.78237,78.61525,0.0,-0.8762444,91.40255,-0.8762444,78.61525,6203
29.855,0.5388856,-12.63807,-39.37307,45.0224,0.0,-0.5388856,91.96272,-0.5388856,45.0224,5652
29.92,0.1153168,-12.63692,-39.96984,2.606295,0.0,-0.1153168,91.89034,-0.1153168,2.606295,4957
30.049,-0.2004498,-12.63893,-38.2912,-28.80328,0.0,0.2004498,91.62601,0.2004498,-28.80328,4443
30.119,-0.3671643,-12.6426,-33.96725,-45.04377,0.0,0.3671643,91.20421,0.3671643,-45.04377,4177
30.19,-0.3226516,-12.64582,-26.28355,-39.82538,0.0,0.3226516,91.25712,0.3226516,-39.82538,4262
30.262,-0.5763221,-12.65159,-26.10025,-65.17635,0.0,0.5763221,91.54249,0.5763221,-65.17635,3847
30.331,-0.6978325,-12.65856,-23.31041,-77.05113,0.0,0.6978325,91.28101,0.6978325,-77.05113,3652
30.402,-0.780532,-12.66637,-20.30232,-80,0.0,0.780532,91.5712,0.780532,-80,3604
30.472,-1.221233,-12.67858,-25.05587,-80,0.0,1.221233,91.67986,1.221233,-80,3604
30.545,-1.182259,-12.6904,-19.26523,-80,0.0,1.182259,91.58344,1.182259,-80,3604
30.617,-1.683798,-12.70724,-25.44295,-80,0.0,1.683798,91.5617,1.683798,-80,3604
30.686,-2.016339,-12.72741,-27.00519,-80,0.0,2.016339,91.51559,2.016339,-80,3604
30.756,-2.328274,-12.75069,-27.84286,-80,0.0,2.328274,91.40585,2.328274,-80,3604
30.869,-2.486861,-12.77556,-25.44603,-80,0.0,2.486861,91.55923,2.486861,-80,3604
30.923,-2.769121,-12.80325,-26.00202,-80,0.0,2.769121,91.37792,2.769121,-80,3604
30.972,-3.101583,-12.83426,-27.45084,-80,0.0,3.101583,91.27765,3.101583,-80,3604
31.03,-3.42539,-12.86852,-28.43683,-80,0.0,3.42539,91.11365,3.42539,-80,3604
31.147,-4.0746,-12.90926,-35.73367,-80,0.0,4.0746,91.40055,4.0746,-80,3604
31.203,-4.356053,-12.95283,-34.21599,-80,0.0,4.356053,91.46828,4.356053,-80,3604
31.257,-4.1744,-12.99457,-23.73974,-80,0.0,4.1744,91.48582,4.1744,-80,3604
31.314,-4.238547,-13.03695,-20.27472,-80,0.0,4.238547,91.60148,4.238547,-80,3604
31.368,-4.584135,-13.0828,-23.13153,-80,0.0,4.584135,91.70468,4.584135,-80,3604
31.422,-5.032849,-13.13312,-27.47952,-80,0.0,5.032849,91.60204,5.032849,-80,3604
31.483,-5.545271,-13.18858,-32.23205,-80,0.0,5.545271,91.70338,5.545271,-80,3604
31.537,-5.678107,-13.24536,-28.44236,-80,0.0,5.678107,91.91977,5.678107,-80,3604
31.599,-6.145099,-13.30681,-32.09372,-80,0.0,6.145099,92.15779,6.145099,-80,3604
31.653,-6.299427,-13.3698,-28.76155,-80,0.0,6.299427,92.14423,6.299427,-80,3604
31.714,-6.346766,-13.43327,-23.95601,-80,0.0,6.346766,91.9032,6.346766,-80,3604
31.773,-6.234047,-13.49561,-16.91043,-80,0.0,6.234047,91.77342,6.234047,-80,3604
31.832,-6.549282,-13.5611,-19.83305,-80,0.0,6.549282,91.70088,6.549282,-80,3604
31.897,-6.270162,-13.62381,-10.28403,-80,0.0,6.270162,91.61314,6.270162,-80,3604
31.96,-6.36352,-13.68744,-10.0944,-80,0.0,6.36352,91.53024,6.36352,-80,3604
32.078,-6.740394,-13.75484,-15.61299,-80,0.0,6.740394,91.11549,6.740394,-80,3604
32.145,-7.107214,-13.82592,-19.82681,-80,0.0,7.107214,91.08012,7.107214,-80,3604
32.205,-7.421636,-13.90013,-22.14987,-80,0.0,7.421636,91.09441,7.421636,-80,3604
32.27,-7.617363,-13.97631,-21.63445,-80,0.0,7.617363,91.27803,7.617363,-80,3604
32.328,-7.561841,-14.05192,-16.1971,-80,0.0,7.561841,91.09203,7.561841,-80,3604
32.388,-7.789996,-14.12982,-17.52079,-80,0.0,7.789996,90.7327,7.789996,-80,3604
32.446,-7.99556,-14.20978,-18.12791,-80,0.0,7.99556,90.47636,7.99556,-80,3604
32.511,-8.397868,-14.29376,-22.5485,-80,0.0,8.397868,90.69478,8.397868,-80,3604
32.572,-8.597624,-14.37974,-22.03391,-80,0.0,8.597624,90.31039,8.597624,-80,3604
32.637,-8.623672,-14.46597,-18.14808,-80,0.0,8.623672,90.54272,8.623672,-80,3604
32.703,-8.706433,-14.55304,-16.1737,-80,0.0,8.706433,90.27776,8.706433,-80,3604
32.765,-8.969061,-14.64273,-18.19151,-80,0.0,8.969061,90.12035,8.969061,-80,3604
32.827,-9.09997,-14.73373,-17.17139,-80,0.0,9.09997,90.06064,9.09997,-80,3604
32.891,-9.298544,-14.82671,-17.7086,-80,0.0,9.298544,90.27092,9.298544,-80,3604
32.956,-9.165947,-14.91837,-11.51494,-80,0.0,9.165947,90.10701,9.165947,-80,3604
33.083,-9.329149,-15.01166,-12.476,-80,0.0,9.329149,89.87167,9.329149,-80,3604
33.15,-9.619955,-15.10786,-15.79691,-80,0.0,9.619955,90.00334,9.619955,-80,3604
33.215,-9.387654,-15.20174,-7.991515,-80,0.0,9.387654,89.76106,9.387654,-80,3604
33.281,-9.672038,-15.29846,-12.08089,-80,0.0,9.672038,89.69619,9.672038,-80,3604
33.35,-9.779729,-15.39626,-11.81853,-80,0.0,9.779729,89.7161,9.779729,-80,3604
33.416,-9.983209,-15.49609,-13.52442,-80,0.0,9.983209,89.68772,9.983209,-80,3604
33.486,-10.11609,-15.59725,-13.4771,-80,0.0,10.11609,89.89203,10.11609,-80,3604
33.555,-10.33487,-15.7006,-15.15731,-80,0.0,10.33487,89.66882,10.33487,-80,3604
33.624,-10.31979,-15.8038,-11.82435,-80,0.0,10.31979,89.5885,10.31979,-80,3604
33.697,-10.32871,-15.90709,-9.637877,-80,0.0,10.32871,89.91544,10.32871,-80,3604
33.764,-10.10758,-16.00816,-3.287599,-80,0.0,10.10758,90.56548,10.10758,-80,3604
33.844,-10.23912,-16.11055,-5.260942,-80,0.0,10.23912,90.45134,10.23912,-80,3604
33.912,-10.44441,-16.215,-8.314474,-80,0.0,10.44441,90.1164,10.44441,-80,3604
33.98,-10.54152,-16.32041,-8.593889,-80,0.0,10.54152,90.32096,10.54152,-80,3604
34.048,-10.63194,-16.42673,-8.683393,-80,0.0,10.63194,90.2391,10.63194,-80,3604
34.184,-10.80875,-16.53482,-10.48307,-80,0.0,10.80875,90.10982,10.80875,-80,3604
34.255,-10.90953,-16.64391,-10.40188,-80,0.0,10.90953,89.77971,10.90953,-80,3604
34.364,-11.17223,-16.75564,-13.5756,-80,0.0,11.17223,89.59235,11.17223,-80,3604
34.417,-11.29676,-16.8686,-13.35108,-80,0.0,11.29676,89.69765,11.29676,-80,3604
34.468,-11.91228,-16.98773,-22.99121,-80,0.0,11.91228,89.39918,11.91228,-80,3604
34.523,-12.05477,-17.10828,-21.24278,-80,0.0,12.05477,89.43497,12.05477,-80,3604
34.582,-12.21788,-17.23046,-20.25642,-80,0.0,12.21788,89.53381,12.21788,-80,3604
34.638,-11.94234,-17.34988,-10.69431,-80,0.0,11.94234,89.74011,11.94234,-80,3604
34.698,-11.84568,-17.46833,-6.622294,-80,0.0,11.84568,89.62829,11.84568,-80,3604
34.752,-12.01926,-17.58853,-8.769535,-80,0.0,12.01926,89.5,12.01926,-80,3604
34.808,-12.43707,-17.7129,-15.37172,-80,0.0,12.43707,89.14979,12.43707,-80,3604
34.865,-12.46204,-17.83752,-12.79672,-80,0.0,12.46204,88.20882,12.46204,-80,3604
34.918,-12.41081,-17.96163,-9.212808,-80,0.0,12.41081,88.38058,12.41081,-80,3604
34.979,-12.55889,-18.08722,-10.33181,-80,0.0,12.55889,88.62403,12.55889,-80,3604
35.038,-12.8795,-18.21601,-14.67774,-80,0.0,12.8795,88.52647,12.8795,-80,3604
35.159,-12.93184,-18.34533,-12.78895,-80,0.0,12.93184,88.37913,12.93184,-80,3604
35.222,-12.93568,-18.47469,-10.30791,-80,0.0,12.93568,88.55688,12.93568,-80,3604
35.28,-12.94207,-18.60411,-8.37412,-80,0.0,12.94207,88.655,12.94207,-80,3604
35.34,-12.8857,-18.73296,-5.5719,-80,0.0,12.8857,88.32758,12.8857,-80,3604
35.399,-13.09147,-18.86388,-8.572968,-80,0.0,13.09147,88.22786,13.09147,-80,3604
35.463,-12.85715,-18.99245,-2.171962,-80,0.0,12.85715,88.03979,12.85715,-80,3604
35.523,-12.92697,-19.12172,-3.134035,-80,0.0,12.92697,88.04387,12.92697,-80,3604
35.582,-12.76318,-19.24935,0.7685287,-80,0.0,12.76318,88.19765,12.76318,-80,3604
35.642,-12.42929,-19.37364,7.292679,-80,0.0,12.42929,88.4081,12.42929,-80,3604
35.703,-12.66176,-19.50026,1.184772,-80,0.0,12.66176,88.42796,12.66176,-80,3604
35.767,-12.7472,-19.62773,-0.7610336,-80,0.0,12.7472,88.35419,12.7472,-80,3604
35.828,-12.80349,-19.75577,-1.734697,-80,0.0,12.80349,88.51913,12.80349,-80,3604
35.896,-12.78211,-19.88359,-0.9601297,-80,0.0,12.78211,88.34389,12.78211,-80,3604
35.958,-12.71014,-20.01069,0.6712959,-80,0.0,12.71014,88.58047,12.71014,-80,3604
36.026,-12.49685,-20.13566,4.802822,-80,0.0,12.49685,88.56978,12.49685,-80,3604
36.15,-12.97764,-20.26544,-5.773545,-80,0.0,12.97764,88.33124,12.97764,-80,3604
36.212,-12.86256,-20.39406,-2.317201,-80,0.0,12.86256,88.66932,12.86256,-80,3604
36.275,-13.03741,-20.52444,-5.350636,-80,0.0,13.03741,88.77814,13.03741,-80,3604
36.34,-13.04037,-20.65484,-4.339714,-80,0.0,13.04037,88.81384,13.04037,-80,3604
36.405,-12.99605,-20.7848,-2.585464,-80,0.0,12.99605,88.66057,12.99605,-80,3604
36.469,-12.80156,-20.91282,1.821456,-80,0.0,12.80156,89.36926,12.80156,-80,3604
36.535,-12.53778,-21.03819,6.732777,-80,0.0,12.53778,89.47507,12.53778,-80,3604
36.603,-12.71787,-21.16537,1.784308,-80,0.0,12.71787,89.46212,12.71787,-80,3604
36.67,-12.28368,-21.28821,10.11126,-80,0.0,12.28368,89.53901,12.28368,-80,3604
36.734,-12.51124,-21.41332,3.53798,-80,0.0,12.51124,89.55875,12.51124,-80,3604
36.803,-12.40573,-21.53738,4.940408,-80,0.0,12.40573,89.67067,12.40573,-80,3604
36.874,-12.55202,-21.6629,1.026606,-80,0.0,12.55202,89.74506,12.55202,-80,3604
36.942,-12.46038,-21.7875,2.654056,-80,0.0,12.46038,89.65467,12.46038,-80,3604
37.011,-12.52495,-21.91275,0.831951,-80,0.0,12.52495,90.05023,12.52495,-80,3604
37.079,-12.5196,-22.03795,0.772563,-80,0.0,12.5196,90.19946,12.5196,-80,3604
37.211,-12.36468,-22.1616,3.716347,-80,0.0,12.36468,90.23939,12.36468,-80,3604
37.281,-12.45619,-22.28616,1.142977,-80,0.0,12.45619,89.67911,12.45619,-80,3604
